{"colorCube":{"r":0.22300000488758088,"g":0.7319999933242798,"b":0.08100000023841858,"a":1.0}}