{"colorCube":{"r":0.9279999732971191,"g":0.3889999985694885,"b":0.6809999942779541,"a":1.0}}